{
	"class_name" : "ViewTrajectory",
	"interval" : 29,
	"is_loop" : false,
	"trajectory" : 
	[
		{
			"boundingbox_max" : [ 0.25695060506091255, 0.14101905477520127, 0.42100003361701965 ],
			"boundingbox_min" : [ -0.22813923157929883, -0.15148049950093842, 0.31800001859664917 ],
			"field_of_view" : 60.0,
			"front" : [ -0.15284976250245588, 0.85919850339682058, -0.48827746401365552 ],
			"lookat" : [ 0.0061987316471038018, -0.083152905924051015, 0.23204341651417776 ],
			"up" : [ -0.045239453163130251, -0.49964860158857199, -0.86504604895235793 ],
			"zoom" : 0.71999999999999997
		}
	],
	"version_major" : 1,
	"version_minor" : 0
}